{"cameraMode":{"drawMode":0,"name":"Shaded","section":"Shading Mode"},"sceneLighting":true,"audioPlay":false,"sceneViewState":{"m_AlwaysRefresh":false,"showFog":true,"showSkybox":true,"showFlares":true,"showImageEffects":true,"showParticleSystems":true,"showVisualEffectGraphs":true,"m_FxEnabled":true},"in2DMode":false,"pivot":{"x":0.33971264958381655,"y":-7.38203239440918,"z":0.5995385646820068},"rotation":{"x":0.0017875726334750653,"y":-0.7442458868026733,"z":0.6679161787033081,"w":0.0019802760798484089},"size":10.18576431274414,"orthographic":false}